Category,Resume
Software Developer / Full Stack Developer,"Built scalable web apps using Node.js, Express, and Angular. Worked on CI/CD and Agile development lifecycle."
Software Developer / Full Stack Developer,Contributed to open-source projects and created microservices architecture using Spring Boot and Docker.
Software Developer / Full Stack Developer,"Built scalable web apps using Node.js, Express, and Angular. Worked on CI/CD and Agile development lifecycle."
Software Developer / Full Stack Developer,"Built scalable web apps using Node.js, Express, and Angular. Worked on CI/CD and Agile development lifecycle."
Software Developer / Full Stack Developer,"Experienced in Python, JavaScript, and React. Developed REST APIs and integrated with MongoDB and PostgreSQL."
Software Developer / Full Stack Developer,"Built scalable web apps using Node.js, Express, and Angular. Worked on CI/CD and Agile development lifecycle."
Software Developer / Full Stack Developer,"Built scalable web apps using Node.js, Express, and Angular. Worked on CI/CD and Agile development lifecycle."
Software Developer / Full Stack Developer,"Built scalable web apps using Node.js, Express, and Angular. Worked on CI/CD and Agile development lifecycle."
Software Developer / Full Stack Developer,"Built scalable web apps using Node.js, Express, and Angular. Worked on CI/CD and Agile development lifecycle."
Software Developer / Full Stack Developer,"Experienced in Python, JavaScript, and React. Developed REST APIs and integrated with MongoDB and PostgreSQL."
Software Developer / Full Stack Developer,"Experienced in Python, JavaScript, and React. Developed REST APIs and integrated with MongoDB and PostgreSQL."
Software Developer / Full Stack Developer,"Built scalable web apps using Node.js, Express, and Angular. Worked on CI/CD and Agile development lifecycle."
Data Analyst,Performed statistical modeling and created dashboards for data visualization using Power BI.
Data Analyst,"Skilled in SQL, Excel, and Tableau. Conducted data analysis to identify business trends and KPIs."
Data Analyst,"Skilled in SQL, Excel, and Tableau. Conducted data analysis to identify business trends and KPIs."
Data Analyst,"Used Python (pandas, matplotlib, seaborn) to clean data and present actionable insights."
Data Analyst,"Used Python (pandas, matplotlib, seaborn) to clean data and present actionable insights."
Data Analyst,"Skilled in SQL, Excel, and Tableau. Conducted data analysis to identify business trends and KPIs."
Data Analyst,Performed statistical modeling and created dashboards for data visualization using Power BI.
Data Analyst,Performed statistical modeling and created dashboards for data visualization using Power BI.
Data Analyst,"Used Python (pandas, matplotlib, seaborn) to clean data and present actionable insights."
Data Analyst,"Skilled in SQL, Excel, and Tableau. Conducted data analysis to identify business trends and KPIs."
Data Analyst,"Skilled in SQL, Excel, and Tableau. Conducted data analysis to identify business trends and KPIs."
Data Analyst,"Used Python (pandas, matplotlib, seaborn) to clean data and present actionable insights."
DevOps Engineer,"Managed CI/CD pipelines using Jenkins and GitLab. Hands-on with Docker, Kubernetes, and AWS."
DevOps Engineer,"Managed CI/CD pipelines using Jenkins and GitLab. Hands-on with Docker, Kubernetes, and AWS."
DevOps Engineer,"Managed CI/CD pipelines using Jenkins and GitLab. Hands-on with Docker, Kubernetes, and AWS."
DevOps Engineer,Automated infrastructure using Terraform and Ansible. Experienced in system monitoring with Prometheus and Grafana.
DevOps Engineer,"Managed CI/CD pipelines using Jenkins and GitLab. Hands-on with Docker, Kubernetes, and AWS."
DevOps Engineer,"Managed CI/CD pipelines using Jenkins and GitLab. Hands-on with Docker, Kubernetes, and AWS."
DevOps Engineer,"Managed CI/CD pipelines using Jenkins and GitLab. Hands-on with Docker, Kubernetes, and AWS."
DevOps Engineer,Automated infrastructure using Terraform and Ansible. Experienced in system monitoring with Prometheus and Grafana.
DevOps Engineer,Automated infrastructure using Terraform and Ansible. Experienced in system monitoring with Prometheus and Grafana.
DevOps Engineer,Automated infrastructure using Terraform and Ansible. Experienced in system monitoring with Prometheus and Grafana.
DevOps Engineer,Worked on cloud migration and container orchestration in hybrid environments.
DevOps Engineer,Worked on cloud migration and container orchestration in hybrid environments.
UI/UX Designer,"Designed user flows, wireframes, and prototypes using Figma and Adobe XD."
UI/UX Designer,Conducted user research and usability testing for mobile and web interfaces.
UI/UX Designer,Conducted user research and usability testing for mobile and web interfaces.
UI/UX Designer,Collaborated with developers to ensure pixel-perfect UI implementation.
UI/UX Designer,"Designed user flows, wireframes, and prototypes using Figma and Adobe XD."
UI/UX Designer,Collaborated with developers to ensure pixel-perfect UI implementation.
UI/UX Designer,"Designed user flows, wireframes, and prototypes using Figma and Adobe XD."
UI/UX Designer,Conducted user research and usability testing for mobile and web interfaces.
UI/UX Designer,"Designed user flows, wireframes, and prototypes using Figma and Adobe XD."
UI/UX Designer,Collaborated with developers to ensure pixel-perfect UI implementation.
UI/UX Designer,Conducted user research and usability testing for mobile and web interfaces.
UI/UX Designer,Collaborated with developers to ensure pixel-perfect UI implementation.
Android/iOS Developer,Created iOS apps with SwiftUI and CoreData. Experienced in publishing to the App Store.
Android/iOS Developer,Built cross-platform apps using Flutter and Dart.
Android/iOS Developer,Developed Android apps using Kotlin and Jetpack Compose. Integrated REST APIs and Firebase.
Android/iOS Developer,Built cross-platform apps using Flutter and Dart.
Android/iOS Developer,Built cross-platform apps using Flutter and Dart.
Android/iOS Developer,Developed Android apps using Kotlin and Jetpack Compose. Integrated REST APIs and Firebase.
Android/iOS Developer,Developed Android apps using Kotlin and Jetpack Compose. Integrated REST APIs and Firebase.
Android/iOS Developer,Built cross-platform apps using Flutter and Dart.
Android/iOS Developer,Built cross-platform apps using Flutter and Dart.
Android/iOS Developer,Built cross-platform apps using Flutter and Dart.
Android/iOS Developer,Built cross-platform apps using Flutter and Dart.
Android/iOS Developer,Created iOS apps with SwiftUI and CoreData. Experienced in publishing to the App Store.
Project Manager,Managed software projects using Agile and Scrum methodologies. Proficient in Jira and Trello.
Project Manager,"Handled project budgeting, stakeholder communication, and risk mitigation."
Project Manager,"Handled project budgeting, stakeholder communication, and risk mitigation."
Project Manager,"Handled project budgeting, stakeholder communication, and risk mitigation."
Project Manager,Managed software projects using Agile and Scrum methodologies. Proficient in Jira and Trello.
Project Manager,"Led cross-functional teams, tracked milestones, and ensured timely delivery."
Project Manager,"Led cross-functional teams, tracked milestones, and ensured timely delivery."
Project Manager,"Led cross-functional teams, tracked milestones, and ensured timely delivery."
Project Manager,Managed software projects using Agile and Scrum methodologies. Proficient in Jira and Trello.
Project Manager,"Handled project budgeting, stakeholder communication, and risk mitigation."
Project Manager,Managed software projects using Agile and Scrum methodologies. Proficient in Jira and Trello.
Project Manager,"Handled project budgeting, stakeholder communication, and risk mitigation."
HR Executive,"Skilled in HRMS tools, payroll processing, and compliance."
HR Executive,"Skilled in HRMS tools, payroll processing, and compliance."
HR Executive,"Skilled in HRMS tools, payroll processing, and compliance."
HR Executive,"Skilled in HRMS tools, payroll processing, and compliance."
HR Executive,"Skilled in HRMS tools, payroll processing, and compliance."
HR Executive,"Skilled in HRMS tools, payroll processing, and compliance."
HR Executive,"Handled end-to-end recruitment, onboarding, and employee engagement."
HR Executive,"Skilled in HRMS tools, payroll processing, and compliance."
HR Executive,Conducted interviews and maintained employee records and performance data.
HR Executive,"Handled end-to-end recruitment, onboarding, and employee engagement."
HR Executive,"Skilled in HRMS tools, payroll processing, and compliance."
HR Executive,"Handled end-to-end recruitment, onboarding, and employee engagement."
Business Analyst,Prepared use cases and reports to enhance business processes.
Business Analyst,"Gathered requirements, created BRDs, and worked closely with stakeholders."
Business Analyst,"Performed gap analysis and used tools like MS Visio, Excel, and SQL."
Business Analyst,"Gathered requirements, created BRDs, and worked closely with stakeholders."
Business Analyst,Prepared use cases and reports to enhance business processes.
Business Analyst,"Performed gap analysis and used tools like MS Visio, Excel, and SQL."
Business Analyst,"Performed gap analysis and used tools like MS Visio, Excel, and SQL."
Business Analyst,"Performed gap analysis and used tools like MS Visio, Excel, and SQL."
Business Analyst,"Performed gap analysis and used tools like MS Visio, Excel, and SQL."
Business Analyst,"Gathered requirements, created BRDs, and worked closely with stakeholders."
Business Analyst,"Performed gap analysis and used tools like MS Visio, Excel, and SQL."
Business Analyst,"Performed gap analysis and used tools like MS Visio, Excel, and SQL."
QA/Test Engineer,Performed manual and automated testing using Selenium and Postman.
QA/Test Engineer,"Experience with regression testing, JIRA, and agile test strategies."
QA/Test Engineer,Performed manual and automated testing using Selenium and Postman.
QA/Test Engineer,Performed manual and automated testing using Selenium and Postman.
QA/Test Engineer,Performed manual and automated testing using Selenium and Postman.
QA/Test Engineer,Performed manual and automated testing using Selenium and Postman.
QA/Test Engineer,Performed manual and automated testing using Selenium and Postman.
QA/Test Engineer,"Experience with regression testing, JIRA, and agile test strategies."
QA/Test Engineer,"Experience with regression testing, JIRA, and agile test strategies."
QA/Test Engineer,Performed manual and automated testing using Selenium and Postman.
QA/Test Engineer,Performed manual and automated testing using Selenium and Postman.
QA/Test Engineer,Performed manual and automated testing using Selenium and Postman.
Graphic Designer,Worked on UI kits and icon sets for mobile applications.
Graphic Designer,Created layouts and assets for web and print. Familiar with Figma and Canva.
Graphic Designer,Designed branding materials using Adobe Illustrator and Photoshop.
Graphic Designer,Worked on UI kits and icon sets for mobile applications.
Graphic Designer,Created layouts and assets for web and print. Familiar with Figma and Canva.
Graphic Designer,Designed branding materials using Adobe Illustrator and Photoshop.
Graphic Designer,Worked on UI kits and icon sets for mobile applications.
Graphic Designer,Created layouts and assets for web and print. Familiar with Figma and Canva.
Graphic Designer,Worked on UI kits and icon sets for mobile applications.
Graphic Designer,Worked on UI kits and icon sets for mobile applications.
Graphic Designer,Created layouts and assets for web and print. Familiar with Figma and Canva.
Graphic Designer,Created layouts and assets for web and print. Familiar with Figma and Canva.
Digital Marketer,"Hands-on experience with Google Analytics, AdWords, and social media tools."
Digital Marketer,"Hands-on experience with Google Analytics, AdWords, and social media tools."
Digital Marketer,"Hands-on experience with Google Analytics, AdWords, and social media tools."
Digital Marketer,Developed email marketing and content strategies that boosted conversions.
Digital Marketer,Developed email marketing and content strategies that boosted conversions.
Digital Marketer,Developed email marketing and content strategies that boosted conversions.
Digital Marketer,"Managed SEO/SEM campaigns, analyzed web traffic, and increased engagement."
Digital Marketer,"Hands-on experience with Google Analytics, AdWords, and social media tools."
Digital Marketer,Developed email marketing and content strategies that boosted conversions.
Digital Marketer,"Managed SEO/SEM campaigns, analyzed web traffic, and increased engagement."
Digital Marketer,"Managed SEO/SEM campaigns, analyzed web traffic, and increased engagement."
Digital Marketer,"Hands-on experience with Google Analytics, AdWords, and social media tools."
Technical Writer,"Created user manuals, API documentation, and help guides for software products."
Technical Writer,"Skilled in Markdown, Confluence, and version control with Git."
Technical Writer,"Skilled in Markdown, Confluence, and version control with Git."
Technical Writer,"Skilled in Markdown, Confluence, and version control with Git."
Technical Writer,"Created user manuals, API documentation, and help guides for software products."
Technical Writer,"Skilled in Markdown, Confluence, and version control with Git."
Technical Writer,Collaborated with developers and testers to document technical processes.
Technical Writer,Collaborated with developers and testers to document technical processes.
Technical Writer,"Created user manuals, API documentation, and help guides for software products."
Technical Writer,"Created user manuals, API documentation, and help guides for software products."
Technical Writer,"Created user manuals, API documentation, and help guides for software products."
Technical Writer,"Skilled in Markdown, Confluence, and version control with Git."
Cloud Engineer,"Cloud Engineer Resume:
Skills: Azure, Terraform, GCP, Kubernetes, Docker
Experience: 2 years
Education: B.Tech in relevant field"
Cloud Engineer,"Cloud Engineer Resume:
Skills: Azure, Kubernetes, GCP, Terraform, Docker
Experience: 5 years
Education: B.Tech in relevant field"
Cloud Engineer,"Cloud Engineer Resume:
Skills: AWS, Terraform, GCP, Azure, Kubernetes
Experience: 1 years
Education: B.Tech in relevant field"
Cloud Engineer,"Cloud Engineer Resume:
Skills: GCP, Terraform, AWS, Docker, Azure
Experience: 3 years
Education: B.Tech in relevant field"
Cloud Engineer,"Cloud Engineer Resume:
Skills: Terraform, Docker, GCP, Azure, Kubernetes
Experience: 4 years
Education: B.Tech in relevant field"
Cloud Engineer,"Cloud Engineer Resume:
Skills: GCP, AWS, Terraform, Azure, Kubernetes
Experience: 2 years
Education: B.Tech in relevant field"
Cloud Engineer,"Cloud Engineer Resume:
Skills: Docker, Terraform, AWS, Kubernetes, GCP
Experience: 2 years
Education: B.Tech in relevant field"
Cloud Engineer,"Cloud Engineer Resume:
Skills: Terraform, AWS, Docker, GCP, Azure
Experience: 4 years
Education: B.Tech in relevant field"
Cloud Engineer,"Cloud Engineer Resume:
Skills: Terraform, AWS, GCP, Azure, Kubernetes
Experience: 3 years
Education: B.Tech in relevant field"
Cloud Engineer,"Cloud Engineer Resume:
Skills: GCP, Docker, Kubernetes, Azure, AWS
Experience: 5 years
Education: B.Tech in relevant field"
Cloud Engineer,"Cloud Engineer Resume:
Skills: GCP, Kubernetes, Docker, Terraform, Azure
Experience: 1 years
Education: B.Tech in relevant field"
Cloud Engineer,"Cloud Engineer Resume:
Skills: AWS, GCP, Terraform, Azure, Kubernetes
Experience: 4 years
Education: B.Tech in relevant field"
Cybersecurity Specialist,"Cybersecurity Specialist Resume:
Skills: Firewalls, Nmap, SIEM, Metasploit, Penetration Testing
Experience: 5 years
Education: B.Tech in relevant field"
Cybersecurity Specialist,"Cybersecurity Specialist Resume:
Skills: SIEM, Firewalls, Penetration Testing, Metasploit, Nmap
Experience: 5 years
Education: B.Tech in relevant field"
Cybersecurity Specialist,"Cybersecurity Specialist Resume:
Skills: Metasploit, Penetration Testing, SIEM, Firewalls, Nmap
Experience: 1 years
Education: B.Tech in relevant field"
Cybersecurity Specialist,"Cybersecurity Specialist Resume:
Skills: SIEM, Firewalls, Penetration Testing, Metasploit, Nmap
Experience: 4 years
Education: B.Tech in relevant field"
Cybersecurity Specialist,"Cybersecurity Specialist Resume:
Skills: Firewalls, SIEM, Nmap, Metasploit, Penetration Testing
Experience: 5 years
Education: B.Tech in relevant field"
Cybersecurity Specialist,"Cybersecurity Specialist Resume:
Skills: Nmap, SIEM, Firewalls, Metasploit, Penetration Testing
Experience: 1 years
Education: B.Tech in relevant field"
Cybersecurity Specialist,"Cybersecurity Specialist Resume:
Skills: Penetration Testing, SIEM, Firewalls, Metasploit, Nmap
Experience: 1 years
Education: B.Tech in relevant field"
Cybersecurity Specialist,"Cybersecurity Specialist Resume:
Skills: Penetration Testing, Firewalls, Nmap, SIEM, Metasploit
Experience: 1 years
Education: B.Tech in relevant field"
Cybersecurity Specialist,"Cybersecurity Specialist Resume:
Skills: Nmap, SIEM, Firewalls, Penetration Testing, Metasploit
Experience: 2 years
Education: B.Tech in relevant field"
Cybersecurity Specialist,"Cybersecurity Specialist Resume:
Skills: Firewalls, Metasploit, SIEM, Nmap, Penetration Testing
Experience: 3 years
Education: B.Tech in relevant field"
Cybersecurity Specialist,"Cybersecurity Specialist Resume:
Skills: SIEM, Penetration Testing, Metasploit, Nmap, Firewalls
Experience: 3 years
Education: B.Tech in relevant field"
Cybersecurity Specialist,"Cybersecurity Specialist Resume:
Skills: Firewalls, SIEM, Metasploit, Penetration Testing, Nmap
Experience: 4 years
Education: B.Tech in relevant field"
Blockchain Developer,"Blockchain Developer Resume:
Skills: Solidity, Web3.js, Smart Contracts, Truffle, Ethereum
Experience: 1 years
Education: B.Tech in relevant field"
Blockchain Developer,"Blockchain Developer Resume:
Skills: Smart Contracts, Ethereum, Web3.js, Solidity, Truffle
Experience: 4 years
Education: B.Tech in relevant field"
Blockchain Developer,"Blockchain Developer Resume:
Skills: Web3.js, Truffle, Solidity, Ethereum, Smart Contracts
Experience: 1 years
Education: B.Tech in relevant field"
Blockchain Developer,"Blockchain Developer Resume:
Skills: Solidity, Ethereum, Truffle, Web3.js, Smart Contracts
Experience: 1 years
Education: B.Tech in relevant field"
Blockchain Developer,"Blockchain Developer Resume:
Skills: Web3.js, Solidity, Ethereum, Truffle, Smart Contracts
Experience: 3 years
Education: B.Tech in relevant field"
Blockchain Developer,"Blockchain Developer Resume:
Skills: Web3.js, Smart Contracts, Solidity, Ethereum, Truffle
Experience: 4 years
Education: B.Tech in relevant field"
Blockchain Developer,"Blockchain Developer Resume:
Skills: Truffle, Solidity, Ethereum, Smart Contracts, Web3.js
Experience: 2 years
Education: B.Tech in relevant field"
Blockchain Developer,"Blockchain Developer Resume:
Skills: Ethereum, Truffle, Web3.js, Smart Contracts, Solidity
Experience: 1 years
Education: B.Tech in relevant field"
Blockchain Developer,"Blockchain Developer Resume:
Skills: Ethereum, Smart Contracts, Truffle, Web3.js, Solidity
Experience: 1 years
Education: B.Tech in relevant field"
Blockchain Developer,"Blockchain Developer Resume:
Skills: Solidity, Smart Contracts, Truffle, Web3.js, Ethereum
Experience: 3 years
Education: B.Tech in relevant field"
Blockchain Developer,"Blockchain Developer Resume:
Skills: Solidity, Truffle, Web3.js, Ethereum, Smart Contracts
Experience: 4 years
Education: B.Tech in relevant field"
Blockchain Developer,"Blockchain Developer Resume:
Skills: Truffle, Smart Contracts, Ethereum, Solidity, Web3.js
Experience: 5 years
Education: B.Tech in relevant field"
Game Developer,"Game Developer Resume:
Skills: 3D Modeling, Unreal Engine, Unity, Game Physics, C#
Experience: 4 years
Education: B.Tech in relevant field"
Game Developer,"Game Developer Resume:
Skills: Unity, Unreal Engine, 3D Modeling, C#, Game Physics
Experience: 4 years
Education: B.Tech in relevant field"
Game Developer,"Game Developer Resume:
Skills: C#, Unreal Engine, Game Physics, 3D Modeling, Unity
Experience: 1 years
Education: B.Tech in relevant field"
Game Developer,"Game Developer Resume:
Skills: C#, 3D Modeling, Game Physics, Unity, Unreal Engine
Experience: 1 years
Education: B.Tech in relevant field"
Game Developer,"Game Developer Resume:
Skills: Unity, Game Physics, 3D Modeling, C#, Unreal Engine
Experience: 4 years
Education: B.Tech in relevant field"
Game Developer,"Game Developer Resume:
Skills: C#, 3D Modeling, Game Physics, Unreal Engine, Unity
Experience: 1 years
Education: B.Tech in relevant field"
Game Developer,"Game Developer Resume:
Skills: Unreal Engine, 3D Modeling, C#, Game Physics, Unity
Experience: 1 years
Education: B.Tech in relevant field"
Game Developer,"Game Developer Resume:
Skills: Game Physics, Unreal Engine, Unity, 3D Modeling, C#
Experience: 4 years
Education: B.Tech in relevant field"
Game Developer,"Game Developer Resume:
Skills: Unreal Engine, Game Physics, 3D Modeling, Unity, C#
Experience: 1 years
Education: B.Tech in relevant field"
Game Developer,"Game Developer Resume:
Skills: C#, Game Physics, 3D Modeling, Unity, Unreal Engine
Experience: 1 years
Education: B.Tech in relevant field"
Game Developer,"Game Developer Resume:
Skills: Unreal Engine, 3D Modeling, Unity, Game Physics, C#
Experience: 5 years
Education: B.Tech in relevant field"
Game Developer,"Game Developer Resume:
Skills: C#, Game Physics, Unreal Engine, 3D Modeling, Unity
Experience: 1 years
Education: B.Tech in relevant field"
Data Engineer,"Data Engineer Resume:
Skills: Hadoop, BigQuery, Airflow, ETL, Kafka
Experience: 3 years
Education: B.Tech in relevant field"
Data Engineer,"Data Engineer Resume:
Skills: ETL, BigQuery, Kafka, Hadoop, Airflow
Experience: 1 years
Education: B.Tech in relevant field"
Data Engineer,"Data Engineer Resume:
Skills: Airflow, Hadoop, ETL, Kafka, Spark
Experience: 4 years
Education: B.Tech in relevant field"
Data Engineer,"Data Engineer Resume:
Skills: Spark, BigQuery, Airflow, ETL, Hadoop
Experience: 3 years
Education: B.Tech in relevant field"
Data Engineer,"Data Engineer Resume:
Skills: Spark, Hadoop, ETL, BigQuery, Airflow
Experience: 3 years
Education: B.Tech in relevant field"
Data Engineer,"Data Engineer Resume:
Skills: Spark, Kafka, Airflow, ETL, BigQuery
Experience: 1 years
Education: B.Tech in relevant field"
Data Engineer,"Data Engineer Resume:
Skills: ETL, Spark, Airflow, BigQuery, Hadoop
Experience: 4 years
Education: B.Tech in relevant field"
Data Engineer,"Data Engineer Resume:
Skills: Kafka, BigQuery, ETL, Hadoop, Airflow
Experience: 1 years
Education: B.Tech in relevant field"
Data Engineer,"Data Engineer Resume:
Skills: ETL, Kafka, Spark, BigQuery, Hadoop
Experience: 4 years
Education: B.Tech in relevant field"
Data Engineer,"Data Engineer Resume:
Skills: Airflow, Hadoop, ETL, Kafka, BigQuery
Experience: 3 years
Education: B.Tech in relevant field"
Data Engineer,"Data Engineer Resume:
Skills: BigQuery, Spark, Kafka, Hadoop, ETL
Experience: 3 years
Education: B.Tech in relevant field"
Data Engineer,"Data Engineer Resume:
Skills: Airflow, Kafka, Hadoop, BigQuery, Spark
Experience: 2 years
Education: B.Tech in relevant field"
AI/ML Engineer,"AI/ML Engineer Resume:
Skills: GAN, TensorFlow, CNN, scikit-learn, RNN
Experience: 5 years
Education: B.Tech in relevant field"
AI/ML Engineer,"AI/ML Engineer Resume:
Skills: TensorFlow, CNN, PyTorch, scikit-learn, RNN
Experience: 3 years
Education: B.Tech in relevant field"
AI/ML Engineer,"AI/ML Engineer Resume:
Skills: RNN, CNN, GAN, TensorFlow, scikit-learn
Experience: 4 years
Education: B.Tech in relevant field"
AI/ML Engineer,"AI/ML Engineer Resume:
Skills: scikit-learn, CNN, GAN, TensorFlow, RNN
Experience: 5 years
Education: B.Tech in relevant field"
AI/ML Engineer,"AI/ML Engineer Resume:
Skills: PyTorch, scikit-learn, TensorFlow, RNN, CNN
Experience: 1 years
Education: B.Tech in relevant field"
AI/ML Engineer,"AI/ML Engineer Resume:
Skills: CNN, scikit-learn, RNN, TensorFlow, GAN
Experience: 2 years
Education: B.Tech in relevant field"
AI/ML Engineer,"AI/ML Engineer Resume:
Skills: scikit-learn, CNN, GAN, PyTorch, RNN
Experience: 4 years
Education: B.Tech in relevant field"
AI/ML Engineer,"AI/ML Engineer Resume:
Skills: TensorFlow, scikit-learn, GAN, CNN, PyTorch
Experience: 2 years
Education: B.Tech in relevant field"
AI/ML Engineer,"AI/ML Engineer Resume:
Skills: TensorFlow, CNN, PyTorch, RNN, scikit-learn
Experience: 5 years
Education: B.Tech in relevant field"
AI/ML Engineer,"AI/ML Engineer Resume:
Skills: RNN, scikit-learn, CNN, GAN, TensorFlow
Experience: 5 years
Education: B.Tech in relevant field"
AI/ML Engineer,"AI/ML Engineer Resume:
Skills: GAN, CNN, RNN, scikit-learn, TensorFlow
Experience: 2 years
Education: B.Tech in relevant field"
AI/ML Engineer,"AI/ML Engineer Resume:
Skills: scikit-learn, RNN, PyTorch, CNN, TensorFlow
Experience: 4 years
Education: B.Tech in relevant field"
Database Administrator,"Database Administrator Resume:
Skills: PostgreSQL, Backup, Replication, Indexing, Oracle
Experience: 5 years
Education: B.Tech in relevant field"
Database Administrator,"Database Administrator Resume:
Skills: Oracle, Indexing, PostgreSQL, SQL, Backup
Experience: 4 years
Education: B.Tech in relevant field"
Database Administrator,"Database Administrator Resume:
Skills: Oracle, Indexing, Backup, PostgreSQL, Replication
Experience: 2 years
Education: B.Tech in relevant field"
Database Administrator,"Database Administrator Resume:
Skills: SQL, Oracle, Backup, Indexing, PostgreSQL
Experience: 5 years
Education: B.Tech in relevant field"
Database Administrator,"Database Administrator Resume:
Skills: PostgreSQL, Replication, SQL, Oracle, Backup
Experience: 1 years
Education: B.Tech in relevant field"
Database Administrator,"Database Administrator Resume:
Skills: Replication, Oracle, SQL, PostgreSQL, Backup
Experience: 5 years
Education: B.Tech in relevant field"
Database Administrator,"Database Administrator Resume:
Skills: Oracle, SQL, Backup, Replication, Indexing
Experience: 2 years
Education: B.Tech in relevant field"
Database Administrator,"Database Administrator Resume:
Skills: Indexing, Oracle, PostgreSQL, Replication, Backup
Experience: 3 years
Education: B.Tech in relevant field"
Database Administrator,"Database Administrator Resume:
Skills: SQL, PostgreSQL, Backup, Replication, Oracle
Experience: 4 years
Education: B.Tech in relevant field"
Database Administrator,"Database Administrator Resume:
Skills: Indexing, Backup, Oracle, Replication, PostgreSQL
Experience: 2 years
Education: B.Tech in relevant field"
Database Administrator,"Database Administrator Resume:
Skills: Oracle, PostgreSQL, Indexing, SQL, Replication
Experience: 3 years
Education: B.Tech in relevant field"
Database Administrator,"Database Administrator Resume:
Skills: Indexing, Oracle, PostgreSQL, Backup, Replication
Experience: 5 years
Education: B.Tech in relevant field"
Product Manager,"Product Manager Resume:
Skills: JIRA, Agile, Stakeholder Management, Scrum, Roadmapping
Experience: 5 years
Education: B.Tech in relevant field"
Product Manager,"Product Manager Resume:
Skills: JIRA, Agile, Stakeholder Management, Scrum, Roadmapping
Experience: 1 years
Education: B.Tech in relevant field"
Product Manager,"Product Manager Resume:
Skills: Stakeholder Management, Agile, Roadmapping, JIRA, Scrum
Experience: 2 years
Education: B.Tech in relevant field"
Product Manager,"Product Manager Resume:
Skills: Agile, JIRA, Scrum, Stakeholder Management, Roadmapping
Experience: 3 years
Education: B.Tech in relevant field"
Product Manager,"Product Manager Resume:
Skills: Roadmapping, Scrum, Stakeholder Management, JIRA, Agile
Experience: 3 years
Education: B.Tech in relevant field"
Product Manager,"Product Manager Resume:
Skills: Stakeholder Management, Scrum, Roadmapping, JIRA, Agile
Experience: 5 years
Education: B.Tech in relevant field"
Product Manager,"Product Manager Resume:
Skills: Roadmapping, JIRA, Scrum, Stakeholder Management, Agile
Experience: 4 years
Education: B.Tech in relevant field"
Product Manager,"Product Manager Resume:
Skills: Roadmapping, Scrum, JIRA, Stakeholder Management, Agile
Experience: 2 years
Education: B.Tech in relevant field"
Product Manager,"Product Manager Resume:
Skills: Scrum, Agile, JIRA, Stakeholder Management, Roadmapping
Experience: 5 years
Education: B.Tech in relevant field"
Product Manager,"Product Manager Resume:
Skills: Agile, Scrum, Roadmapping, JIRA, Stakeholder Management
Experience: 2 years
Education: B.Tech in relevant field"
Product Manager,"Product Manager Resume:
Skills: JIRA, Stakeholder Management, Roadmapping, Scrum, Agile
Experience: 1 years
Education: B.Tech in relevant field"
Product Manager,"Product Manager Resume:
Skills: Stakeholder Management, Scrum, Agile, Roadmapping, JIRA
Experience: 5 years
Education: B.Tech in relevant field"
IT Support Specialist,"IT Support Specialist Resume:
Skills: Helpdesk, Troubleshooting, Ticketing, Remote Support
Experience: 3 years
Education: B.Tech in relevant field"
IT Support Specialist,"IT Support Specialist Resume:
Skills: Troubleshooting, Remote Support, Helpdesk, Ticketing
Experience: 5 years
Education: B.Tech in relevant field"
IT Support Specialist,"IT Support Specialist Resume:
Skills: Troubleshooting, Ticketing, Remote Support, Helpdesk
Experience: 3 years
Education: B.Tech in relevant field"
IT Support Specialist,"IT Support Specialist Resume:
Skills: Ticketing, Helpdesk, Troubleshooting, Remote Support
Experience: 5 years
Education: B.Tech in relevant field"
IT Support Specialist,"IT Support Specialist Resume:
Skills: Troubleshooting, Helpdesk, Ticketing, Remote Support
Experience: 5 years
Education: B.Tech in relevant field"
IT Support Specialist,"IT Support Specialist Resume:
Skills: Ticketing, Remote Support, Helpdesk, Troubleshooting
Experience: 3 years
Education: B.Tech in relevant field"
IT Support Specialist,"IT Support Specialist Resume:
Skills: Ticketing, Troubleshooting, Helpdesk, Remote Support
Experience: 2 years
Education: B.Tech in relevant field"
IT Support Specialist,"IT Support Specialist Resume:
Skills: Helpdesk, Ticketing, Remote Support, Troubleshooting
Experience: 4 years
Education: B.Tech in relevant field"
IT Support Specialist,"IT Support Specialist Resume:
Skills: Troubleshooting, Ticketing, Remote Support, Helpdesk
Experience: 3 years
Education: B.Tech in relevant field"
IT Support Specialist,"IT Support Specialist Resume:
Skills: Helpdesk, Remote Support, Ticketing, Troubleshooting
Experience: 3 years
Education: B.Tech in relevant field"
IT Support Specialist,"IT Support Specialist Resume:
Skills: Helpdesk, Ticketing, Remote Support, Troubleshooting
Experience: 5 years
Education: B.Tech in relevant field"
IT Support Specialist,"IT Support Specialist Resume:
Skills: Troubleshooting, Helpdesk, Ticketing, Remote Support
Experience: 2 years
Education: B.Tech in relevant field"
Network Engineer,"Network Engineer Resume:
Skills: BGP, Cisco, Switching, OSPF, LAN/WAN
Experience: 3 years
Education: B.Tech in relevant field"
Network Engineer,"Network Engineer Resume:
Skills: BGP, Switching, OSPF, Routing, Cisco
Experience: 1 years
Education: B.Tech in relevant field"
Network Engineer,"Network Engineer Resume:
Skills: Routing, Switching, BGP, OSPF, Cisco
Experience: 1 years
Education: B.Tech in relevant field"
Network Engineer,"Network Engineer Resume:
Skills: BGP, OSPF, Cisco, Routing, LAN/WAN
Experience: 2 years
Education: B.Tech in relevant field"
Network Engineer,"Network Engineer Resume:
Skills: Cisco, LAN/WAN, OSPF, Switching, BGP
Experience: 4 years
Education: B.Tech in relevant field"
Network Engineer,"Network Engineer Resume:
Skills: OSPF, BGP, LAN/WAN, Cisco, Routing
Experience: 5 years
Education: B.Tech in relevant field"
Network Engineer,"Network Engineer Resume:
Skills: LAN/WAN, Cisco, BGP, Switching, OSPF
Experience: 2 years
Education: B.Tech in relevant field"
Network Engineer,"Network Engineer Resume:
Skills: BGP, Cisco, Routing, Switching, LAN/WAN
Experience: 4 years
Education: B.Tech in relevant field"
Network Engineer,"Network Engineer Resume:
Skills: BGP, Switching, LAN/WAN, Cisco, OSPF
Experience: 2 years
Education: B.Tech in relevant field"
Network Engineer,"Network Engineer Resume:
Skills: Cisco, Switching, Routing, BGP, LAN/WAN
Experience: 4 years
Education: B.Tech in relevant field"
Network Engineer,"Network Engineer Resume:
Skills: Routing, LAN/WAN, OSPF, Cisco, BGP
Experience: 3 years
Education: B.Tech in relevant field"
Network Engineer,"Network Engineer Resume:
Skills: Routing, BGP, OSPF, Switching, LAN/WAN
Experience: 2 years
Education: B.Tech in relevant field"
Systems Administrator,"Systems Administrator Resume:
Skills: Linux, Bash, PowerShell, Windows Server, Active Directory
Experience: 2 years
Education: B.Tech in relevant field"
Systems Administrator,"Systems Administrator Resume:
Skills: Linux, Active Directory, PowerShell, Windows Server, Bash
Experience: 2 years
Education: B.Tech in relevant field"
Systems Administrator,"Systems Administrator Resume:
Skills: Windows Server, Linux, PowerShell, Active Directory, Bash
Experience: 3 years
Education: B.Tech in relevant field"
Systems Administrator,"Systems Administrator Resume:
Skills: Active Directory, Windows Server, Linux, PowerShell, Bash
Experience: 4 years
Education: B.Tech in relevant field"
Systems Administrator,"Systems Administrator Resume:
Skills: PowerShell, Bash, Active Directory, Windows Server, Linux
Experience: 3 years
Education: B.Tech in relevant field"
Systems Administrator,"Systems Administrator Resume:
Skills: Active Directory, Windows Server, Linux, PowerShell, Bash
Experience: 1 years
Education: B.Tech in relevant field"
Systems Administrator,"Systems Administrator Resume:
Skills: Bash, PowerShell, Windows Server, Active Directory, Linux
Experience: 5 years
Education: B.Tech in relevant field"
Systems Administrator,"Systems Administrator Resume:
Skills: Active Directory, Linux, Bash, PowerShell, Windows Server
Experience: 3 years
Education: B.Tech in relevant field"
Systems Administrator,"Systems Administrator Resume:
Skills: Bash, PowerShell, Windows Server, Active Directory, Linux
Experience: 2 years
Education: B.Tech in relevant field"
Systems Administrator,"Systems Administrator Resume:
Skills: PowerShell, Bash, Windows Server, Linux, Active Directory
Experience: 4 years
Education: B.Tech in relevant field"
Systems Administrator,"Systems Administrator Resume:
Skills: Active Directory, Bash, Linux, PowerShell, Windows Server
Experience: 3 years
Education: B.Tech in relevant field"
Systems Administrator,"Systems Administrator Resume:
Skills: PowerShell, Bash, Active Directory, Linux, Windows Server
Experience: 3 years
Education: B.Tech in relevant field"
SEO Specialist,"SEO Specialist Resume:
Skills: Off-page SEO, Google Analytics, Keyword Research, On-page SEO
Experience: 3 years
Education: B.Tech in relevant field"
SEO Specialist,"SEO Specialist Resume:
Skills: Keyword Research, Google Analytics, On-page SEO, Off-page SEO
Experience: 3 years
Education: B.Tech in relevant field"
SEO Specialist,"SEO Specialist Resume:
Skills: Keyword Research, Off-page SEO, Google Analytics, On-page SEO
Experience: 1 years
Education: B.Tech in relevant field"
SEO Specialist,"SEO Specialist Resume:
Skills: On-page SEO, Google Analytics, Off-page SEO, Keyword Research
Experience: 5 years
Education: B.Tech in relevant field"
SEO Specialist,"SEO Specialist Resume:
Skills: Off-page SEO, On-page SEO, Keyword Research, Google Analytics
Experience: 3 years
Education: B.Tech in relevant field"
SEO Specialist,"SEO Specialist Resume:
Skills: Keyword Research, On-page SEO, Google Analytics, Off-page SEO
Experience: 4 years
Education: B.Tech in relevant field"
SEO Specialist,"SEO Specialist Resume:
Skills: Off-page SEO, Google Analytics, On-page SEO, Keyword Research
Experience: 5 years
Education: B.Tech in relevant field"
SEO Specialist,"SEO Specialist Resume:
Skills: Keyword Research, Google Analytics, Off-page SEO, On-page SEO
Experience: 4 years
Education: B.Tech in relevant field"
SEO Specialist,"SEO Specialist Resume:
Skills: Off-page SEO, On-page SEO, Keyword Research, Google Analytics
Experience: 4 years
Education: B.Tech in relevant field"
SEO Specialist,"SEO Specialist Resume:
Skills: Off-page SEO, Google Analytics, On-page SEO, Keyword Research
Experience: 5 years
Education: B.Tech in relevant field"
SEO Specialist,"SEO Specialist Resume:
Skills: Keyword Research, Google Analytics, On-page SEO, Off-page SEO
Experience: 2 years
Education: B.Tech in relevant field"
SEO Specialist,"SEO Specialist Resume:
Skills: Keyword Research, Google Analytics, On-page SEO, Off-page SEO
Experience: 5 years
Education: B.Tech in relevant field"
Content Writer,"Content Writer Resume:
Skills: SEO Writing, Blogging, Copywriting, Technical Writing, Proofreading
Experience: 1 years
Education: B.Tech in relevant field"
Content Writer,"Content Writer Resume:
Skills: Proofreading, SEO Writing, Blogging, Technical Writing, Copywriting
Experience: 1 years
Education: B.Tech in relevant field"
Content Writer,"Content Writer Resume:
Skills: Technical Writing, Copywriting, Blogging, Proofreading, SEO Writing
Experience: 1 years
Education: B.Tech in relevant field"
Content Writer,"Content Writer Resume:
Skills: Blogging, Technical Writing, SEO Writing, Copywriting, Proofreading
Experience: 1 years
Education: B.Tech in relevant field"
Content Writer,"Content Writer Resume:
Skills: Copywriting, Proofreading, SEO Writing, Blogging, Technical Writing
Experience: 1 years
Education: B.Tech in relevant field"
Content Writer,"Content Writer Resume:
Skills: Blogging, SEO Writing, Copywriting, Proofreading, Technical Writing
Experience: 4 years
Education: B.Tech in relevant field"
Content Writer,"Content Writer Resume:
Skills: Proofreading, Technical Writing, Copywriting, Blogging, SEO Writing
Experience: 3 years
Education: B.Tech in relevant field"
Content Writer,"Content Writer Resume:
Skills: Blogging, Technical Writing, Proofreading, SEO Writing, Copywriting
Experience: 5 years
Education: B.Tech in relevant field"
Content Writer,"Content Writer Resume:
Skills: Blogging, SEO Writing, Technical Writing, Copywriting, Proofreading
Experience: 5 years
Education: B.Tech in relevant field"
Content Writer,"Content Writer Resume:
Skills: Copywriting, Technical Writing, Blogging, SEO Writing, Proofreading
Experience: 4 years
Education: B.Tech in relevant field"
Content Writer,"Content Writer Resume:
Skills: Copywriting, Technical Writing, SEO Writing, Proofreading, Blogging
Experience: 3 years
Education: B.Tech in relevant field"
Content Writer,"Content Writer Resume:
Skills: Technical Writing, SEO Writing, Blogging, Proofreading, Copywriting
Experience: 5 years
Education: B.Tech in relevant field"
AR/VR Developer,"AR/VR Developer Resume:
Skills: C#, ARCore, Unity, ARKit, 3D Modeling
Experience: 2 years
Education: B.Tech in relevant field"
AR/VR Developer,"AR/VR Developer Resume:
Skills: C#, ARKit, 3D Modeling, Unity, ARCore
Experience: 4 years
Education: B.Tech in relevant field"
AR/VR Developer,"AR/VR Developer Resume:
Skills: C#, Unity, ARKit, 3D Modeling, ARCore
Experience: 1 years
Education: B.Tech in relevant field"
AR/VR Developer,"AR/VR Developer Resume:
Skills: 3D Modeling, C#, ARCore, ARKit, Unity
Experience: 5 years
Education: B.Tech in relevant field"
AR/VR Developer,"AR/VR Developer Resume:
Skills: ARKit, ARCore, C#, 3D Modeling, Unity
Experience: 1 years
Education: B.Tech in relevant field"
AR/VR Developer,"AR/VR Developer Resume:
Skills: 3D Modeling, C#, Unity, ARKit, ARCore
Experience: 2 years
Education: B.Tech in relevant field"
AR/VR Developer,"AR/VR Developer Resume:
Skills: 3D Modeling, ARKit, Unity, ARCore, C#
Experience: 4 years
Education: B.Tech in relevant field"
AR/VR Developer,"AR/VR Developer Resume:
Skills: Unity, 3D Modeling, ARCore, ARKit, C#
Experience: 5 years
Education: B.Tech in relevant field"
AR/VR Developer,"AR/VR Developer Resume:
Skills: ARKit, Unity, C#, ARCore, 3D Modeling
Experience: 5 years
Education: B.Tech in relevant field"
AR/VR Developer,"AR/VR Developer Resume:
Skills: C#, 3D Modeling, ARKit, ARCore, Unity
Experience: 4 years
Education: B.Tech in relevant field"
AR/VR Developer,"AR/VR Developer Resume:
Skills: ARKit, C#, ARCore, 3D Modeling, Unity
Experience: 4 years
Education: B.Tech in relevant field"
AR/VR Developer,"AR/VR Developer Resume:
Skills: 3D Modeling, Unity, C#, ARCore, ARKit
Experience: 4 years
Education: B.Tech in relevant field"
E-commerce Specialist,"E-commerce Specialist Resume:
Skills: WooCommerce, Product Listings, Shopify, Magento, Conversion Optimization
Experience: 5 years
Education: B.Tech in relevant field"
E-commerce Specialist,"E-commerce Specialist Resume:
Skills: Shopify, Magento, WooCommerce, Conversion Optimization, Product Listings
Experience: 5 years
Education: B.Tech in relevant field"
E-commerce Specialist,"E-commerce Specialist Resume:
Skills: WooCommerce, Magento, Conversion Optimization, Product Listings, Shopify
Experience: 3 years
Education: B.Tech in relevant field"
E-commerce Specialist,"E-commerce Specialist Resume:
Skills: Product Listings, Shopify, Magento, WooCommerce, Conversion Optimization
Experience: 4 years
Education: B.Tech in relevant field"
E-commerce Specialist,"E-commerce Specialist Resume:
Skills: Shopify, Product Listings, Conversion Optimization, Magento, WooCommerce
Experience: 1 years
Education: B.Tech in relevant field"
E-commerce Specialist,"E-commerce Specialist Resume:
Skills: Conversion Optimization, Magento, Shopify, WooCommerce, Product Listings
Experience: 3 years
Education: B.Tech in relevant field"
E-commerce Specialist,"E-commerce Specialist Resume:
Skills: Conversion Optimization, Product Listings, Shopify, WooCommerce, Magento
Experience: 1 years
Education: B.Tech in relevant field"
E-commerce Specialist,"E-commerce Specialist Resume:
Skills: Conversion Optimization, Magento, Shopify, Product Listings, WooCommerce
Experience: 5 years
Education: B.Tech in relevant field"
E-commerce Specialist,"E-commerce Specialist Resume:
Skills: Magento, Product Listings, Conversion Optimization, WooCommerce, Shopify
Experience: 2 years
Education: B.Tech in relevant field"
E-commerce Specialist,"E-commerce Specialist Resume:
Skills: Magento, Shopify, Conversion Optimization, Product Listings, WooCommerce
Experience: 3 years
Education: B.Tech in relevant field"
E-commerce Specialist,"E-commerce Specialist Resume:
Skills: Conversion Optimization, WooCommerce, Shopify, Product Listings, Magento
Experience: 1 years
Education: B.Tech in relevant field"
E-commerce Specialist,"E-commerce Specialist Resume:
Skills: Product Listings, Magento, WooCommerce, Shopify, Conversion Optimization
Experience: 4 years
Education: B.Tech in relevant field"
Business Intelligence Analyst,"Business Intelligence Analyst Resume:
Skills: Tableau, SQL, DAX, Data Warehousing, Power BI
Experience: 4 years
Education: B.Tech in relevant field"
Business Intelligence Analyst,"Business Intelligence Analyst Resume:
Skills: DAX, Tableau, Data Warehousing, Power BI, SQL
Experience: 1 years
Education: B.Tech in relevant field"
Business Intelligence Analyst,"Business Intelligence Analyst Resume:
Skills: Power BI, Data Warehousing, Tableau, SQL, DAX
Experience: 2 years
Education: B.Tech in relevant field"
Business Intelligence Analyst,"Business Intelligence Analyst Resume:
Skills: Tableau, Power BI, Data Warehousing, DAX, SQL
Experience: 4 years
Education: B.Tech in relevant field"
Business Intelligence Analyst,"Business Intelligence Analyst Resume:
Skills: SQL, Power BI, Data Warehousing, DAX, Tableau
Experience: 4 years
Education: B.Tech in relevant field"
Business Intelligence Analyst,"Business Intelligence Analyst Resume:
Skills: DAX, SQL, Data Warehousing, Tableau, Power BI
Experience: 4 years
Education: B.Tech in relevant field"
Business Intelligence Analyst,"Business Intelligence Analyst Resume:
Skills: SQL, Tableau, Power BI, Data Warehousing, DAX
Experience: 4 years
Education: B.Tech in relevant field"
Business Intelligence Analyst,"Business Intelligence Analyst Resume:
Skills: DAX, Power BI, Tableau, SQL, Data Warehousing
Experience: 5 years
Education: B.Tech in relevant field"
Business Intelligence Analyst,"Business Intelligence Analyst Resume:
Skills: SQL, Tableau, DAX, Data Warehousing, Power BI
Experience: 1 years
Education: B.Tech in relevant field"
Business Intelligence Analyst,"Business Intelligence Analyst Resume:
Skills: Data Warehousing, Tableau, SQL, Power BI, DAX
Experience: 1 years
Education: B.Tech in relevant field"
Business Intelligence Analyst,"Business Intelligence Analyst Resume:
Skills: DAX, Power BI, Data Warehousing, Tableau, SQL
Experience: 3 years
Education: B.Tech in relevant field"
Business Intelligence Analyst,"Business Intelligence Analyst Resume:
Skills: DAX, SQL, Power BI, Tableau, Data Warehousing
Experience: 2 years
Education: B.Tech in relevant field"
Robotics Engineer,"Robotics Engineer Resume:
Skills: Actuators, Embedded Systems, Sensors, ROS, Control Systems
Experience: 2 years
Education: B.Tech in relevant field"
Robotics Engineer,"Robotics Engineer Resume:
Skills: Sensors, ROS, Control Systems, Actuators, Embedded Systems
Experience: 1 years
Education: B.Tech in relevant field"
Robotics Engineer,"Robotics Engineer Resume:
Skills: Actuators, Embedded Systems, Control Systems, ROS, Sensors
Experience: 1 years
Education: B.Tech in relevant field"
Robotics Engineer,"Robotics Engineer Resume:
Skills: Embedded Systems, Actuators, Sensors, ROS, Control Systems
Experience: 4 years
Education: B.Tech in relevant field"
Robotics Engineer,"Robotics Engineer Resume:
Skills: Control Systems, Actuators, Sensors, Embedded Systems, ROS
Experience: 4 years
Education: B.Tech in relevant field"
Robotics Engineer,"Robotics Engineer Resume:
Skills: Embedded Systems, Control Systems, ROS, Actuators, Sensors
Experience: 1 years
Education: B.Tech in relevant field"
Robotics Engineer,"Robotics Engineer Resume:
Skills: ROS, Sensors, Actuators, Embedded Systems, Control Systems
Experience: 5 years
Education: B.Tech in relevant field"
Robotics Engineer,"Robotics Engineer Resume:
Skills: Control Systems, ROS, Sensors, Embedded Systems, Actuators
Experience: 4 years
Education: B.Tech in relevant field"
Robotics Engineer,"Robotics Engineer Resume:
Skills: ROS, Control Systems, Embedded Systems, Sensors, Actuators
Experience: 4 years
Education: B.Tech in relevant field"
Robotics Engineer,"Robotics Engineer Resume:
Skills: Sensors, Control Systems, Actuators, Embedded Systems, ROS
Experience: 4 years
Education: B.Tech in relevant field"
Robotics Engineer,"Robotics Engineer Resume:
Skills: Embedded Systems, Control Systems, Sensors, ROS, Actuators
Experience: 2 years
Education: B.Tech in relevant field"
Robotics Engineer,"Robotics Engineer Resume:
Skills: Sensors, Control Systems, ROS, Embedded Systems, Actuators
Experience: 5 years
Education: B.Tech in relevant field"
Solutions Architect,"Solutions Architect Resume:
Skills: DevOps, System Design, Integration, Cloud Architecture, Client Communication
Experience: 4 years
Education: B.Tech in relevant field"
Solutions Architect,"Solutions Architect Resume:
Skills: Client Communication, Integration, DevOps, Cloud Architecture, System Design
Experience: 5 years
Education: B.Tech in relevant field"
Solutions Architect,"Solutions Architect Resume:
Skills: Client Communication, DevOps, Integration, System Design, Cloud Architecture
Experience: 5 years
Education: B.Tech in relevant field"
Solutions Architect,"Solutions Architect Resume:
Skills: Cloud Architecture, DevOps, Client Communication, System Design, Integration
Experience: 4 years
Education: B.Tech in relevant field"
Solutions Architect,"Solutions Architect Resume:
Skills: Client Communication, System Design, Integration, Cloud Architecture, DevOps
Experience: 1 years
Education: B.Tech in relevant field"
Solutions Architect,"Solutions Architect Resume:
Skills: Integration, Cloud Architecture, System Design, DevOps, Client Communication
Experience: 2 years
Education: B.Tech in relevant field"
Solutions Architect,"Solutions Architect Resume:
Skills: Integration, DevOps, System Design, Client Communication, Cloud Architecture
Experience: 2 years
Education: B.Tech in relevant field"
Solutions Architect,"Solutions Architect Resume:
Skills: Integration, DevOps, System Design, Cloud Architecture, Client Communication
Experience: 1 years
Education: B.Tech in relevant field"
Solutions Architect,"Solutions Architect Resume:
Skills: Cloud Architecture, Client Communication, Integration, System Design, DevOps
Experience: 1 years
Education: B.Tech in relevant field"
Solutions Architect,"Solutions Architect Resume:
Skills: DevOps, Client Communication, Cloud Architecture, System Design, Integration
Experience: 3 years
Education: B.Tech in relevant field"
Solutions Architect,"Solutions Architect Resume:
Skills: Integration, DevOps, Cloud Architecture, System Design, Client Communication
Experience: 5 years
Education: B.Tech in relevant field"
Solutions Architect,"Solutions Architect Resume:
Skills: Client Communication, DevOps, Integration, System Design, Cloud Architecture
Experience: 4 years
Education: B.Tech in relevant field"
